id,planId,name,order,createdAt,updatedAt
cmhbybvv70002s9wnyl652n5m,cmhbybvsq0000s9wnicnvj6md,Halley Engineering,1000,2025-10-29T12:08:19.219Z,2025-10-30T14:22:21.911Z
cmhhz8g3x0003s9c17319v6c6,cmhbybvsq0000s9wnicnvj6md,Alston Construction,1100,2025-11-02T17:20:15.501Z,2025-11-02T17:20:15.501Z
cmhj4i3hb0003la04xjq91kqi,cmhbybvsq0000s9wnicnvj6md,CH Global,1200,2025-11-03T12:35:29.952Z,2025-11-03T12:35:29.952Z
cmhj4t6z20005jp046voxy9q4,cmhbybvsq0000s9wnicnvj6md,Weekely Asphalt,1300,2025-11-03T12:44:07.694Z,2025-11-03T12:44:07.694Z
cmhj7u83w000bju04prsvb115,cmhbybvsq0000s9wnicnvj6md,Horizon Contractors,1500,2025-11-03T14:08:54.669Z,2025-11-03T14:08:54.669Z
cmhj8joo30005i6042xeyf68l,cmhbybvsq0000s9wnicnvj6md,Yard,1600,2025-11-03T14:28:42.532Z,2025-11-03T14:28:42.532Z
cmhj8q6gx0003jo04ilx4w50v,cmhbybvsq0000s9wnicnvj6md,Jaime Employee,1700,2025-11-03T14:33:45.537Z,2025-11-03T14:33:45.537Z
cmhja7s2c0007l1049icnzefn,cmhbybvsq0000s9wnicnvj6md,Pichi Comments,1800,2025-11-03T15:15:26.293Z,2025-11-03T15:15:26.293Z
cmhj6uvq90003ie04d7mzo6mn,cmhbybvsq0000s9wnicnvj6md,Archer Western: 836 Signature Bridge,1400,2025-11-03T13:41:25.666Z,2025-11-03T15:21:44.651Z
cmhjq1jjy0001l404fjkck2yx,cmhbybvsq0000s9wnicnvj6md,KDR Construction,1900,2025-11-03T22:38:29.181Z,2025-11-03T22:38:33.675Z
cmhkkez7m0001i804pju73vyn,cmhbybvsq0000s9wnicnvj6md,OHLA,2000,2025-11-04T12:48:44.481Z,2025-11-04T12:48:44.481Z
cmhkqa9nu0005la04gswl1wka,cmhbybvsq0000s9wnicnvj6md,Central Civil NDWTTP,2100,2025-11-04T15:33:02.442Z,2025-11-04T15:33:02.442Z
cmhor7xy50001jl045pzp8vzm,cmhbybvsq0000s9wnicnvj6md,Phoenix Fence,2200,2025-11-07T11:10:18.268Z,2025-11-07T11:10:18.268Z