id,userId,resourceType,resourceId,createdAt
cmhsjifd10007s96u7qei3e76,default-user,Todo,cmhsjietn0005s96uk4dbfyrk,2025-11-10T02:45:35.173Z
cmht0wuuk0001l40404ho5w5g,default-user,Todo,cmhorl7ma000zjl04ie0n6jlx,2025-11-10T10:52:41.900Z
cmht0x3e10001ky0423nzbqgy,default-user,Todo,cmhouyes80009l704j1zgbmjl,2025-11-10T10:52:52.969Z
cmht0zmu40007l404kcz5f9k0,default-user,Todo,cmht0zmp60005l404hhd4txnz,2025-11-10T10:54:51.484Z
cmht1bkjx0003jm04zuj9gik4,default-user,Todo,cmht1bke70001jm04d7lvlyw6,2025-11-10T11:04:08.397Z
cmht3c3lw0003ju04beseuvmh,default-user,Todo,cmht3c3h70001ju04x8ffec1j,2025-11-10T12:00:32.324Z
cmht4rem20007ji04sz9tjf88,default-user,Todo,cmht4regi0005ji04uogkn6mo,2025-11-10T12:40:26.042Z
cmht5fh6m0003jm04vvl1vxgb,default-user,Todo,cmht5fh1a0001jm04ariy823k,2025-11-10T12:59:09.118Z
cmht5fplz0003k004xnwwlmlh,default-user,Todo,cmht5fpgs0001k0042yudcoik,2025-11-10T12:59:20.039Z
cmht5ks5i0009jm04s9icrhyj,default-user,Todo,cmht5krzx0007jm04z7882pv2,2025-11-10T13:03:16.615Z
cmht6540x0001ky04buq15lla,default-user,CalendarEvent,7c9f7639-e88a-4090-b9ef-54c055a2e715,2025-11-10T13:19:05.121Z
cmht65anw0001l704he1r17gt,default-user,CalendarEvent,be472891-841a-4e24-9c1c-69fb1f21c53b,2025-11-10T13:19:13.724Z
cmht66ali0005ky04swpaas19,default-user,CalendarEvent,dd119761-476e-4d30-aa1b-9fa1db4905c7,2025-11-10T13:20:00.294Z
cmht66gg80001l904uiuic4uu,default-user,CalendarEvent,4a3d3f2e-b8fd-4cdb-be3a-dc0f85b8b178,2025-11-10T13:20:07.880Z
cmht69p1w0009l904w9vz91wa,default-user,CalendarEvent,3f4d1d9b-b05b-47ac-93f7-b8ab174c9e47,2025-11-10T13:22:38.996Z
cmht6a8a80009ky047t4ny0w3,default-user,CalendarEvent,58d667b8-f2d7-4fcb-8f7f-0836be78577e,2025-11-10T13:23:03.921Z
cmht6bne6000dky04v3so0qqa,default-user,CalendarEvent,8abf8bb7-e29e-4da0-acd9-7820616057a9,2025-11-10T13:24:10.159Z
cmht6bup0000hky04m0y85wre,default-user,CalendarEvent,4fc28168-1906-42e4-bca4-6b64dd6d13ef,2025-11-10T13:24:19.620Z
cmht6d3kk000nky04uedkkn2z,default-user,Todo,cmht6d3fr000lky048kyw2ykp,2025-11-10T13:25:17.780Z
cmht6kjb0000njm041okbtn2d,default-user,Todo,cmht6kj6d000ljm04v1ek59ua,2025-11-10T13:31:04.764Z
cmht6m1b70007l704k19m3zrj,default-user,CalendarEvent,c93d14c7-5762-437c-93df-3c41ef0c546b,2025-11-10T13:32:14.755Z
cmht6oyt60005ju04wloa89us,default-user,Todo,cmhp3zrjq0001k1046d6r4vef,2025-11-10T13:34:31.482Z
cmht7rriz0007ic04pe5m1p9r,default-user,Todo,cmht7rrdq0005ic04uea1ttdl,2025-11-10T14:04:41.628Z
cmht8xmcz0003la04slofcnjr,default-user,Todo,cmht8xm7u0001la04m6m0oy7k,2025-11-10T14:37:14.482Z
cmht8yn47000bjo04se5yg2go,default-user,Todo,cmht8ymzm0009jo04bf2y70tt,2025-11-10T14:38:02.119Z
cmht906su000hjo04r4vkaaj3,default-user,Todo,cmht906ok000fjo04wz6vtduu,2025-11-10T14:39:14.286Z
cmht9g8ei0001la04luzbc96b,default-user,CalendarEvent,08a63ee3-7fee-4c78-bed2-64fc85d88ff8,2025-11-10T14:51:42.859Z
cmht9gat00001jp04afuaqxji,default-user,CalendarEvent,79b49d2a-a9b7-405e-8e93-741e26307f6c,2025-11-10T14:51:45.973Z
cmht9hv0t0005la04t0d47t4s,default-user,CalendarEvent,4e7cdac1-8680-4f8d-a72e-499db3fdafe8,2025-11-10T14:52:58.830Z
cmht9lnyu000hjp04fv32i4pf,default-user,CalendarEvent,35cf1144-01ef-461b-9207-e115c0c75645,2025-11-10T14:55:56.310Z
cmht9yw1x000lla043mu3jawl,default-user,CalendarEvent,0681be1d-ba32-44fe-9bfe-955e9408d273,2025-11-10T15:06:13.317Z
cmhta3l8j0001l504aa4oayvh,default-user,CalendarEvent,09fc5705-4c36-465a-8165-1d09df881bea,2025-11-10T15:09:52.579Z
cmhtak83b000xla042phgze44,default-user,Todo,cmhtak7xi000vla04p49s4kz1,2025-11-10T15:22:48.695Z
cmhtb4wvz0013la0408wucm8b,default-user,Todo,cmhtb4wqe0011la04c1v79mvf,2025-11-10T15:38:53.951Z
cmhtbdjjx000nl504k94hra90,default-user,Todo,cmhtbdjf8000ll504ltkdplbk,2025-11-10T15:45:36.573Z
cmhtbnby9000tl504pc55eh52,default-user,Todo,cmhtbnbt1000rl504nltde8hm,2025-11-10T15:53:13.282Z
cmhtbnz0w001jla042rmodo4s,default-user,Todo,cmhtbnyvp001hla04op7pr1oz,2025-11-10T15:53:43.185Z
cmhtbrce60015l504t0ntk2zh,default-user,Todo,cmhm0tswb0001js04r499t2kp,2025-11-10T15:56:20.478Z
cmhteyt940003l704bzllxo4p,default-user,Todo,cmhteyt3h0001l70440fzua3r,2025-11-10T17:26:07.768Z
cmhtf8tlb0007jx04ix2wze4o,default-user,Todo,cmhtf8tg50005jx04b04l7riz,2025-11-10T17:33:54.768Z
cmhtgs3ea0001kz04e1sh9qo5,default-user,CalendarEvent,95133b22-594f-46ce-a261-ac81e71a30fe,2025-11-10T18:16:53.554Z
cmhtheare0001jo043yhkh1k9,default-user,CalendarEvent,cmek35hv30001ii04ipd83fyu,2025-11-10T18:34:09.531Z
cmhtidkze0003jv04axsng0zl,default-user,Todo,cmhtidktp0001jv04zmqt0ri5,2025-11-10T19:01:35.739Z
cmhtidr2u000ljo04sreyaweb,default-user,Todo,cmhryr39t0001jp04rzov2x8c,2025-11-10T19:01:43.639Z
cmhur586b0001ju0444zzlqge,default-user,Todo,cmhm0t5g70004kv04n73kwv1w,2025-11-11T15:54:48.611Z
cmhuuop4j0003lb04c1exppxy,default-user,Todo,cmhuuooz10001lb048colofjj,2025-11-11T17:33:55.892Z
cmhuuvnhg000blb045p9k0n53,default-user,CalendarEvent,54bff302-4dcf-4939-a5a8-533c57160db8,2025-11-11T17:39:20.356Z
cmhuuy2c5000nlb04ful6v8op,default-user,CalendarEvent,01a65541-271c-42f8-b4d3-419dc4d4ddbd,2025-11-11T17:41:12.917Z
cmhuyijba0003jx04i21cnfzv,default-user,Todo,cmhuyij5a0001jx041qdguxpg,2025-11-11T19:21:06.887Z
cmhuyj7xt0003jv04185cl40o,default-user,Todo,cmhuyj7sq0001jv04zgq4im43,2025-11-11T19:21:38.801Z
cmhuyjjey0009jv04yoazxv0s,default-user,Todo,cmhuyjj9r0007jv04hqjcghqt,2025-11-11T19:21:53.674Z
cmhuymn5k000djx04x29m4pr9,default-user,Todo,cmhuymn0f000bjx04sds107xl,2025-11-11T19:24:18.488Z
cmhuymyv4000jjv04y06uwmpd,default-user,Todo,cmhuymyr1000hjv04ke69ycbo,2025-11-11T19:24:33.664Z
cmhuypg25000tjv049ljz9pb8,default-user,Todo,cmhuypfy7000rjv04qvuux5na,2025-11-11T19:26:29.262Z
cmhv1v5al0001jx04henr8p7c,default-user,CalendarEvent,f827d2e4-ba13-4d47-ab2f-9619b8576010,2025-11-11T20:54:54.094Z
cmhv1w00z0009le04ckruk6zc,default-user,CalendarEvent,883ffaef-1da6-4276-8d94-bb59b5ed28b6,2025-11-11T20:55:33.923Z
cmhv2x477000ple04z62qxc43,default-user,CalendarEvent,1f01d180-d057-4b0d-9fd2-ad8658434bec,2025-11-11T21:24:25.603Z
cmhv3mzhq000vle04p14leoh5,default-user,Todo,cmhv3mzcw000tle04yj8qq1m1,2025-11-11T21:44:32.558Z
cmhv3n9ix0007jp0448ho4tvb,default-user,Todo,cmhv3n9dt0005jp04c9roi19l,2025-11-11T21:44:45.561Z
cmhv3o67f0003l104prrjeipr,default-user,Todo,cmhv3o61r0001l104ldnmn2lc,2025-11-11T21:45:27.915Z
cmhvaj1p00001l404u5fa8z22,default-user,Todo,cmhoxyye00001l1042v6ranpz,2025-11-12T00:57:26.100Z
cmhvaj22a0005l404pozoz4bv,default-user,Todo,cmhoxyw9m0003lg0460xmvfvg,2025-11-12T00:57:26.578Z
cmhvaj2ct0009l404ck5ttz73,default-user,Todo,cmhoxytnc0001lg04h1d5rbn1,2025-11-12T00:57:26.957Z
cmhw07xll0001ju04hyw6joya,default-user,CalendarEvent,0a8299a4-ac32-416a-b972-decadaeeb78f,2025-11-12T12:56:37.594Z
cmhwckh7h000dl504vd2v3da0,default-user,CalendarEvent,787215fe-1d0e-46eb-b836-a9739a3147f7,2025-11-12T18:42:18.269Z
cmhwckxd0000ll504q79sjmo1,default-user,CalendarEvent,64d3d0f4-5851-459b-b3c8-7b7cc7877870,2025-11-12T18:42:39.205Z
cmhwdz1fr0001jx04qevwc44b,default-user,Todo,cmhpg71di0001jp049v164yu9,2025-11-12T19:21:37.287Z
cmhwicaxs0001jv046d8v4zjt,default-user,CalendarEvent,2f267e0e-9933-47ae-b4f1-c62c145c65df,2025-11-12T21:23:54.592Z
cmhwif0kb0005la04y06kvm8a,default-user,CalendarEvent,f86377e0-a757-4e7b-9a91-58747c0b8c6f,2025-11-12T21:26:01.115Z
cmhwkhe5n0003if04o0mxnby8,default-user,Todo,cmhwkhe120001if04ltckvk2u,2025-11-12T22:23:51.275Z
cmhwsk1ss001ds9dpw0rvhq7h,default-user,Todo,cmhsdlayz0001l404wg8isreq,2025-11-13T02:09:52.156Z
cmhwsn954001rs9dpfo9pgvq4,default-user,Todo,cmhwsn8n9001ps9dpdfs68m8l,2025-11-13T02:12:21.640Z
cmhxhgfez0001gv047ckueyl0,default-user,CalendarEvent,2f6b13df-df52-4d2e-82f7-2dc34727b43a,2025-11-13T13:46:53.579Z
cmhxq38nl0003i904qgvxbohw,default-user,Todo,cmhxq38hp0001i904kpl6ujz0,2025-11-13T17:48:34.833Z
cmhxq3cii0003jy04s1x2skqf,default-user,Todo,cmhxq3cd80001jy04uuop47f9,2025-11-13T17:48:39.835Z
cmhxq3fok0007kv04keagnb17,default-user,Todo,cmhxq3fj40005kv04mzc1hlnx,2025-11-13T17:48:43.940Z
cmhxt5mvf0009jm04nbe34c58,default-user,CalendarEvent,03e3472b-09e4-48ae-aa2a-cb0e23ea6f05,2025-11-13T19:14:25.419Z
cmhxt5tbs000hjm04quh8ppx3,default-user,CalendarEvent,b12e715e-b9ae-4d1f-aa05-f7296c6e25e1,2025-11-13T19:14:33.784Z
cmhxt618s0005l404fcj8ajkr,default-user,CalendarEvent,a612c967-66d0-4a54-9522-1ae28b0076aa,2025-11-13T19:14:44.044Z
cmhxt6dsk0009l4042nw4gtl3,default-user,CalendarEvent,480b9f09-69b2-48f8-a04d-dc557bdccde2,2025-11-13T19:15:00.308Z
cmhxwkuny0003jx04yqc8xo5i,default-user,Todo,cmhxwkuiv0001jx04uyg1w38l,2025-11-13T20:50:14.206Z
cmhxwltff0009jx04dihty7ob,default-user,Todo,cmhxwltaf0007jx04psm9rtex,2025-11-13T20:50:59.260Z
cmhyu8yi30001l5042czfgkbd,default-user,CalendarEvent,c2f3e0fa-7de5-4dda-ad30-53a410d523a1,2025-11-14T12:32:46.252Z
cmhyuaf9o0005l504hj20u0io,default-user,CalendarEvent,f5bd736a-d0fe-49e6-8abf-973e99272044,2025-11-14T12:33:54.636Z
cmhzi4wcn0001l504hb8bhebd,default-user,CalendarEvent,ad27b5a3-332c-4930-8e9f-89d617783475,2025-11-14T23:41:27.624Z
cmhzi94x7000bl504rybqdoq9,default-user,CalendarEvent,9f5e0e2b-65cf-4d8c-8519-2dc7566dfca4,2025-11-14T23:44:45.355Z
cmhziakw4000fl5045th303ho,default-user,CalendarEvent,24b866af-1e08-4614-8aa5-68670e404aa1,2025-11-14T23:45:52.709Z
cmi0ssjbv0003gp049wti69h9,default-user,Todo,cmi0ssj750001gp04erlihcyt,2025-11-15T21:27:32.827Z
cmi2h6mi40003if04g02w9fky,default-user,Todo,cmi2h6mcj0001if04ix44hs6o,2025-11-17T01:38:07.070Z
cmi334xge0003l504h6dxkik9,default-user,Todo,cmi334xb40001l504rkujx7x5,2025-11-17T11:52:39.519Z
cmi3b599f0005js04yw4qskoj,default-user,CalendarEvent,f5ea6088-ae2f-4e0d-9c93-5e9f46e06dd7,2025-11-17T15:36:51.748Z
cmi3cvafu0003l80421x2jz1k,default-user,Todo,cmi3cvacc0001l804xge5xtzz,2025-11-17T16:25:05.947Z
cmi3cxgww000dl804pt6odb0g,default-user,Todo,cmi3cxgsm000bl80451qe4v4d,2025-11-17T16:26:47.649Z
cmi3deor60007ky04j5i8e3t4,default-user,Todo,cmi3deoll0005ky04dawvuuhl,2025-11-17T16:40:10.962Z
cmi3dfn6u0003l804h1v9avfe,default-user,Todo,cmi3dfn0y0001l804ogs2pzzz,2025-11-17T16:40:55.590Z
cmi3gjvf40001lb04mytuhy70,default-user,CalendarEvent,e0c6001c-6a94-4157-9913-5974e7a00207,2025-11-17T18:08:11.728Z
cmi3huon6000hlb04p834ryb0,default-user,CalendarEvent,8fd42b34-c73a-438a-8504-e72c4a91cbf4,2025-11-17T18:44:35.778Z
cmi3jwqkw0003l8049hgjdfs4,default-user,Todo,cmi3jwqgc0001l804t9qk4yvt,2025-11-17T19:42:10.832Z
cmi3jxhfn0007js0430xhm3m4,default-user,Todo,cmi3jxhbk0005js046y0thc8c,2025-11-17T19:42:45.636Z
cmi3m01nb0001jx0452kd4x2f,default-user,CalendarEvent,0df55974-c687-4c03-91a0-567669c2254d,2025-11-17T20:40:44.375Z
cmi3x7hi4000fjv04yhc9lujw,default-user,Todo,cmi3x7hd1000djv04u8bsi39a,2025-11-18T01:54:27.292Z
cmi4vjqy60003l504vitokml6,default-user,Todo,cmi4vjqu90001l50427ytx188,2025-11-18T17:55:46.350Z
cmi4vk19t0003lg04chmtimnu,default-user,Todo,cmi4vk14n0001lg0439cj4drk,2025-11-18T17:55:59.729Z
cmi4vnnwe000dl50496axegxl,default-user,Todo,cmi4vnns1000bl504z7uoagq7,2025-11-18T17:58:49.022Z
cmi4vyc650001ih04y5c7vw3i,default-user,CalendarEvent,11efd37d-74cf-4428-b2e1-ea8f74e7a7d5,2025-11-18T18:07:07.038Z
cmi4yn9ni0001jx04eu188faw,default-user,CalendarEvent,7a9dec0d-3ba0-4c0f-8af4-f9caad20ae59,2025-11-18T19:22:29.407Z
cmi4ypdhs000hjo04opymo08i,default-user,CalendarEvent,765862a0-bf7a-46c0-a771-1338041446ba,2025-11-18T19:24:07.697Z
cmi537jep0003l8040yamq7w7,default-user,CalendarEvent,8acfb655-e12b-4d09-94f0-c74ef759632e,2025-11-18T21:30:13.633Z
cmi5y4ua00003l80470o89824,default-user,Todo,cmi5y4u4m0001l8045qtszfr8,2025-11-19T11:55:55.848Z
cmi5y5w590003l504p0dxpgr7,default-user,Todo,cmi5y5w0h0001l504bu74jbvp,2025-11-19T11:56:44.925Z
cmi5y65iy0009l504mlm9521g,default-user,Todo,cmi5y65e30007l504fcaxlu61,2025-11-19T11:56:57.083Z
cmi5y6wl2000fl5048u8dm53k,default-user,Todo,cmi5y6wh0000dl504d4srgwsh,2025-11-19T11:57:32.150Z
cmi5zj2lb0007l104tmegmlck,default-user,Todo,cmi5zj2g10005l104udrru1co,2025-11-19T12:34:59.424Z
cmi61jh210001l2048lhwimoq,default-user,CalendarEvent,7e28be38-fc1a-4a81-b597-405d71451152,2025-11-19T13:31:17.401Z
cmi698j2w0001jm04h3aw00sb,default-user,CalendarEvent,49672e7d-a3d2-44d1-9ebd-21b6972f3ff4,2025-11-19T17:06:43.736Z
cmi6ddvjj0001k004pn5rhxjl,default-user,CalendarEvent,7ff7ade1-39d4-41d5-8f65-4a41d21d9697,2025-11-19T19:02:51.631Z
cmi6p1x290004ii0496faxpey,default-user,Todo,cmi6p1wvz0002ii04cmp0v7uu,2025-11-20T00:29:29.121Z
cmi7ckvgl0007l40456f26q3t,default-user,Todo,cmi7ckvbs0005l404jzezq8pt,2025-11-20T11:28:04.678Z
cmi7fyk2p0001jp04h0xp4u5z,default-user,CalendarEvent,1523bdba-143e-4b86-a8bb-58f724d8f102,2025-11-20T13:02:41.953Z
cmi7l2xzh0009jl04bmh7gwa0,default-user,CalendarEvent,24d18ad3-e86a-4afa-abb6-0693cd14a3d8,2025-11-20T15:26:04.685Z
cmi7mi45c000pjr04qva1mzgr,default-user,CalendarEvent,6716a3ca-c7dd-4285-9139-4540c9f627f5,2025-11-20T16:05:52.128Z
cmi7mmv2u0013jr0438grt5s8,default-user,CalendarEvent,14f70f46-b32e-416e-bb66-17531dfb5de9,2025-11-20T16:09:33.654Z
cmi84qwzx0003kz046p7npjh5,default-user,Todo,cmi84qwuz0001kz04k9xowwab,2025-11-21T00:36:35.853Z
cmi84r2930003l70406hqdet4,default-user,Todo,cmi84r24g0001l704iz0r4w49,2025-11-21T00:36:42.664Z
cmi862i9f0003l804i88i1kh4,default-user,Todo,cmi862i570001l80472585cim,2025-11-21T01:13:36.243Z
cmi8vcuxr0001jn045t7uv38v,default-user,CalendarEvent,9557b366-8b31-44c7-907e-ddddfc7e9be2,2025-11-21T13:01:29.631Z
cmi8w51ap0003jv04g8jpp4eg,default-user,Todo,cmi8w51680001jv040g08emty,2025-11-21T13:23:24.241Z
cmi8w5cue0007jj04rnst7466,default-user,Todo,cmi8w5cpl0005jj04xn1tqvhu,2025-11-21T13:23:39.206Z
cmi9is1ji0003ky04qev5uidp,default-user,Todo,cmi9is1dv0001ky046ec7b61j,2025-11-21T23:57:09.199Z
cmi9jf0rm0003jy046qsdtuhi,default-user,Todo,cmi9jf0m70001jy04aefpzm4g,2025-11-22T00:15:01.282Z